Workbook

Sheet Como usar
A1: Gabarito do corpus de avaliação — rascunho para revisão
A3: O que é | B3: Afirmações centrais de cada um dos 11 documentos (8 artigos da dissertação + 3 de aviônica), parafraseadas em português, com a página de onde vêm. É a referência contra a qual os fichamentos do agente serão medidos (precisão de citação, afirmações sem suporte, cobertura).
A4: Origem | B4: Rascunho gerado por Claude a partir do texto dos PDFs. Os termos-chave e números de cada afirmação foram conferidos automaticamente contra o texto da página citada (77 de 77 encontrados), mas a escolha do que é 'central' e a paráfrase precisam da sua revisão.
A5: Convenção de página | B5: Página física do PDF: 1 = primeira página do arquivo. NÃO é a numeração impressa do periódico (ex.: IEEE Access imprime 70061 na p. 1). O agente deve citar na mesma convenção.
A6: O que você preenche | B6: Só as colunas amarelas da aba Gabarito: 'Status' (lista: Aprovada, Corrigir, Rejeitar) e 'Correção / comentário'. Se mudar a página inicial, a coluna 'Posição' se recalcula.
A7: Exemplo de preenchimento | B7: Status = Corrigir · Correção / comentário = 'A página certa é 9, não 8' — ou Status = Rejeitar · 'Não é central; trocar pela afirmação sobre X (p. 5)'.
A8: Posição no texto | B8: início / meio / fim, pela página inicial em relação ao total de páginas (terços). Serve para testar o efeito 'lost in the middle' (Liu et al., 2023): o agente erra mais no meio de textos longos?
A9: Observações | B9: Divergências internas dos próprios artigos (ex.: 3,5 W no resumo vs 3,6 W nos resultados) e armadilhas para o agente estão anotadas. São bons casos de teste.
A11: Progresso da revisão
A12: Total de afirmações | B12: =COUNTA(Gabarito!A2:A1000) -> 109
A13: Aprovadas | B13: =COUNTIF(Gabarito!I2:I1000,"Aprovada") -> 0
A14: A corrigir | B14: =COUNTIF(Gabarito!I2:I1000,"Corrigir") -> 0
A15: Rejeitadas | B15: =COUNTIF(Gabarito!I2:I1000,"Rejeitar") -> 0
A16: Ainda sem revisão | B16: =B12-B13-B14-B15 -> 109

Sheet Gabarito
A1: ID | B1: Artigo | C1: Referência | D1: Tipo | E1: Afirmação (paráfrase) | F1: Página(s) no PDF | G1: Pág. inicial | H1: Posição | I1: Status | J1: Correção / comentário | K1: Observação
A2: A1-01 | B2: 1 | C2: Nimbekar et al., 2023 | D2: Contribuição | E2: Propõe uma arquitetura VLSI reconfigurável e de baixa complexidade que executa duas redes de deep learning para reconhecimento de gestos em reabilitação: LoCoMo-Net (membro superior) e MyoNet (membro inferior). | F2: p. 1 | G2: 1 | H2: =IF(G2/INDEX(Artigos!$G$2:$G$12,MATCH(B2,Artigos!$A$2:$A$12,0))<=1/3,"início",IF(G2/INDEX(Artigos!$G$2:$G$12,MATCH(B2,Artigos!$A$2:$A$12,0))<=2/3,"meio","fim")) -> início | K2: Na conclusão (p. 8) os membros aparecem trocados ('hindlimb (upper limb)', 'forelimb (lower limb)'), contrariando a introdução (p. 1).
A3: A1-02 | B3: 1 | C3: Nimbekar et al., 2023 | D3: Método | E3: O projeto foi implementado no FPGA Zynq UltraScale+ MPSoC ZCU102. | F3: p. 1 | G3: 1 | H3: =IF(G3/INDEX(Artigos!$G$2:$G$12,MATCH(B3,Artigos!$A$2:$A$12,0))<=1/3,"início",IF(G3/INDEX(Artigos!$G$2:$G$12,MATCH(B3,Artigos!$A$2:$A$12,0))<=2/3,"meio","fim")) -> início
A4: A1-03 | B4: 1 | C4: Nimbekar et al., 2023 | D4: Método | E4: As operações comuns às duas redes (convolução, ReLU e max-pooling) ficam na lógica programável; as que variam (LSTM e camada totalmente conectada) rodam no processador. | F4: p. 5 | G4: 5 | H4: =IF(G4/INDEX(Artigos!$G$2:$G$12,MATCH(B4,Artigos!$A$2:$A$12,0))<=1/3,"início",IF(G4/INDEX(Artigos!$G$2:$G$12,MATCH(B4,Artigos!$A$2:$A$12,0))<=2/3,"meio","fim")) -> meio
A5: A1-04 | B5: 1 | C5: Nimbekar et al., 2023 | D5: Método | E5: Todas as operações usam ponto flutuante de 16 bits; a memória DDR é a principal e as BRAMs guardam resultados intermediários. | F5: p. 5 | G5: 5 | H5: =IF(G5/INDEX(Artigos!$G$2:$G$12,MATCH(B5,Artigos!$A$2:$A$12,0))<=1/3,"início",IF(G5/INDEX(Artigos!$G$2:$G$12,MATCH(B5,Artigos!$A$2:$A$12,0))<=2/3,"meio","fim")) -> meio
A6: A1-05 | B6: 1 | C6: Nimbekar et al., 2023 | D6: Resultado | E6: Não há perda de acurácia ao executar as redes em CPU, GPU e FPGA. | F6: p. 6 | G6: 6 | H6: =IF(G6/INDEX(Artigos!$G$2:$G$12,MATCH(B6,Artigos!$A$2:$A$12,0))<=1/3,"início",IF(G6/INDEX(Artigos!$G$2:$G$12,MATCH(B6,Artigos!$A$2:$A$12,0))<=2/3,"meio","fim")) -> meio
A7: A1-06 | B7: 1 | C7: Nimbekar et al., 2023 | D7: Resultado | E7: O tempo de reconhecimento no FPGA é 1,876 ms (LoCoMo-Net) e 61,988 ms (MyoNet), abaixo do limite de 300 ms para controle protético em tempo real. | F7: p. 7 | G7: 7 | H7: =IF(G7/INDEX(Artigos!$G$2:$G$12,MATCH(B7,Artigos!$A$2:$A$12,0))<=1/3,"início",IF(G7/INDEX(Artigos!$G$2:$G$12,MATCH(B7,Artigos!$A$2:$A$12,0))<=2/3,"meio","fim")) -> fim | K7: Na mesma página o tempo da LoCoMo-Net aparece também como 1,879 ms.
A8: A1-07 | B8: 1 | C8: Nimbekar et al., 2023 | D8: Resultado | E8: A potência no FPGA é 3,6 W (LoCoMo-Net) e 5 W (MyoNet), contra 16 W e 23 W na GPU Jetson TX2, ou seja, 4 a 4,6 vezes menor. | F8: p. 7 | G8: 7 | H8: =IF(G8/INDEX(Artigos!$G$2:$G$12,MATCH(B8,Artigos!$A$2:$A$12,0))<=1/3,"início",IF(G8/INDEX(Artigos!$G$2:$G$12,MATCH(B8,Artigos!$A$2:$A$12,0))<=2/3,"meio","fim")) -> fim | K8: Divergência interna: o resumo (p. 1) informa 3,5 W para a LoCoMo-Net no FPGA.
A9: A1-08 | B9: 1 | C9: Nimbekar et al., 2023 | D9: Resultado | E9: A síntese em tecnologia GF 40 nm ocupa 2,046 mm² e consome 300,8423 mW a 1,21 V. | F9: p. 1; 7 | G9: 1 | H9: =IF(G9/INDEX(Artigos!$G$2:$G$12,MATCH(B9,Artigos!$A$2:$A$12,0))<=1/3,"início",IF(G9/INDEX(Artigos!$G$2:$G$12,MATCH(B9,Artigos!$A$2:$A$12,0))<=2/3,"meio","fim")) -> início
A10: A1-09 | B10: 1 | C10: Nimbekar et al., 2023 | D10: Resultado | E10: A energia gasta pela LoCoMo-Net é 1440 J na GPU, 0,67 J no FPGA e 0,0045 J no ASIC. | F10: p. 7 | G10: 7 | H10: =IF(G10/INDEX(Artigos!$G$2:$G$12,MATCH(B10,Artigos!$A$2:$A$12,0))<=1/3,"início",IF(G10/INDEX(Artigos!$G$2:$G$12,MATCH(B10,Artigos!$A$2:$A$12,0))<=2/3,"meio","fim")) -> fim | K10: Números incomuns (90 s na GPU); bom teste para ver se o agente copia sem 'corrigir'.
A11: A1-10 | B11: 1 | C11: Nimbekar et al., 2023 | D11: Conclusão | E11: O projeto usa menos de 20% dos recursos totais do FPGA. | F11: p. 8 | G11: 8 | H11: =IF(G11/INDEX(Artigos!$G$2:$G$12,MATCH(B11,Artigos!$A$2:$A$12,0))<=1/3,"início",IF(G11/INDEX(Artigos!$G$2:$G$12,MATCH(B11,Artigos!$A$2:$A$12,0))<=2/3,"meio","fim")) -> fim
A12: A2-01 | B12: 2 | C12: Breyer et al., 2022 | D12: Contribuição | E12: Compara OpenMP, CUDA, OpenCL e SYCL (implementações hipSYCL e DPC++) quanto a usabilidade, desempenho e portabilidade de desempenho, em GPUs NVIDIA, AMD e Intel e CPUs AMD e Intel. | F12: p. 1 | G12: 1 | H12: =IF(G12/INDEX(Artigos!$G$2:$G$12,MATCH(B12,Artigos!$A$2:$A$12,0))<=1/3,"início",IF(G12/INDEX(Artigos!$G$2:$G$12,MATCH(B12,Artigos!$A$2:$A$12,0))<=2/3,"meio","fim")) -> início
A13: A2-02 | B13: 2 | C13: Breyer et al., 2022 | D13: Método | E13: A carga de trabalho é a biblioteca PLSSVM (LS-SVM), cuja parte mais custosa é resolver um sistema linear pelo método do Gradiente Conjugado. | F13: p. 1 | G13: 1 | H13: =IF(G13/INDEX(Artigos!$G$2:$G$12,MATCH(B13,Artigos!$A$2:$A$12,0))<=1/3,"início",IF(G13/INDEX(Artigos!$G$2:$G$12,MATCH(B13,Artigos!$A$2:$A$12,0))<=2/3,"meio","fim")) -> início
A14: A2-03 | B14: 2 | C14: Breyer et al., 2022 | D14: Resultado | E14: Resolver o sistema linear (CG) domina o tempo de execução; as demais partes ocupam no máximo 3,8% do tempo. | F14: p. 5 | G14: 5 | H14: =IF(G14/INDEX(Artigos!$G$2:$G$12,MATCH(B14,Artigos!$A$2:$A$12,0))<=1/3,"início",IF(G14/INDEX(Artigos!$G$2:$G$12,MATCH(B14,Artigos!$A$2:$A$12,0))<=2/3,"meio","fim")) -> meio
A15: A2-04 | B15: 2 | C15: Breyer et al., 2022 | D15: Método | E15: O OpenCL compila os kernels por JIT em tempo de execução, com overhead entre cerca de cem milissegundos e mais de dois minutos. | F15: p. 4 | G15: 4 | H15: =IF(G15/INDEX(Artigos!$G$2:$G$12,MATCH(B15,Artigos!$A$2:$A$12,0))<=1/3,"início",IF(G15/INDEX(Artigos!$G$2:$G$12,MATCH(B15,Artigos!$A$2:$A$12,0))<=2/3,"meio","fim")) -> início
A16: A2-05 | B16: 2 | C16: Breyer et al., 2022 | D16: Resultado | E16: Na P100 com 2^15 pontos, o CUDA leva 1,6 s por iteração do CG e o OpenCL 1,7 s; hipSYCL (3,8 s) e DPC++ (7,2 s) são 2,3× e 4,5× mais lentos que o CUDA. | F16: p. 8 | G16: 8 | H16: =IF(G16/INDEX(Artigos!$G$2:$G$12,MATCH(B16,Artigos!$A$2:$A$12,0))<=1/3,"início",IF(G16/INDEX(Artigos!$G$2:$G$12,MATCH(B16,Artigos!$A$2:$A$12,0))<=2/3,"meio","fim")) -> meio
A17: A2-06 | B17: 2 | C17: Breyer et al., 2022 | D17: Resultado | E17: Um bug do DPC++ impede o inlining do atomic add; removendo-o, o tempo cai 38% (de 7,2 s para 4,5 s). | F17: p. 8 | G17: 8 | H17: =IF(G17/INDEX(Artigos!$G$2:$G$12,MATCH(B17,Artigos!$A$2:$A$12,0))<=1/3,"início",IF(G17/INDEX(Artigos!$G$2:$G$12,MATCH(B17,Artigos!$A$2:$A$12,0))<=2/3,"meio","fim")) -> meio
A18: A2-07 | B18: 2 | C18: Breyer et al., 2022 | D18: Resultado | E18: Na GPU AMD Radeon Pro VII os backends rendem menos que nas NVIDIA (9,9 s contra 6,7 s na P100), o que os autores atribuem ao ajuste de blocos feito para GPU NVIDIA: portabilidade de desempenho exige ajuste fino. | F18: p. 8 | G18: 8 | H18: =IF(G18/INDEX(Artigos!$G$2:$G$12,MATCH(B18,Artigos!$A$2:$A$12,0))<=1/3,"início",IF(G18/INDEX(Artigos!$G$2:$G$12,MATCH(B18,Artigos!$A$2:$A$12,0))<=2/3,"meio","fim")) -> meio
A19: A2-08 | B19: 2 | C19: Breyer et al., 2022 | D19: Resultado | E19: Em CPUs, o kernel hierárquico do hipSYCL é em média 24× mais rápido que o nd_range (mín. 4,3; máx. 118,4), mas obriga a manter duas versões do mesmo código. | F19: p. 9 | G19: 9 | H19: =IF(G19/INDEX(Artigos!$G$2:$G$12,MATCH(B19,Artigos!$A$2:$A$12,0))<=1/3,"início",IF(G19/INDEX(Artigos!$G$2:$G$12,MATCH(B19,Artigos!$A$2:$A$12,0))<=2/3,"meio","fim")) -> fim
A20: A2-09 | B20: 2 | C20: Breyer et al., 2022 | D20: Conclusão | E20: Nenhum backend é o mais rápido em todo hardware: CUDA vence nas GPUs NVIDIA, OpenCL nas GPUs AMD e Intel, e DPC++ nas CPUs onde pôde ser usado. | F20: p. 11 | G20: 11 | H20: =IF(G20/INDEX(Artigos!$G$2:$G$12,MATCH(B20,Artigos!$A$2:$A$12,0))<=1/3,"início",IF(G20/INDEX(Artigos!$G$2:$G$12,MATCH(B20,Artigos!$A$2:$A$12,0))<=2/3,"meio","fim")) -> fim
A21: A2-10 | B21: 2 | C21: Breyer et al., 2022 | D21: Conclusão | E21: Recomendam CUDA se só GPUs NVIDIA forem alvo, OpenMP se só CPUs, e SYCL para uso geral, mesmo que o OpenCL seja frequentemente mais rápido. | F21: p. 11–12 | G21: 11 | H21: =IF(G21/INDEX(Artigos!$G$2:$G$12,MATCH(B21,Artigos!$A$2:$A$12,0))<=1/3,"início",IF(G21/INDEX(Artigos!$G$2:$G$12,MATCH(B21,Artigos!$A$2:$A$12,0))<=2/3,"meio","fim")) -> fim | K21: Afirmação que atravessa a quebra de página.
A22: A3-01 | B22: 3 | C22: Sifakis, 2015 | D22: Contribuição | E22: O sucesso da automação de projeto eletrônico (EDA) se apoia em quatro princípios: separação de interesses, projeto baseado em componentes, coerência semântica e correção por construção. | F22: p. 1 | G22: 1 | H22: =IF(G22/INDEX(Artigos!$G$2:$G$12,MATCH(B22,Artigos!$A$2:$A$12,0))<=1/3,"início",IF(G22/INDEX(Artigos!$G$2:$G$12,MATCH(B22,Artigos!$A$2:$A$12,0))<=2/3,"meio","fim")) -> início
A23: A3-02 | B23: 3 | C23: Sifakis, 2015 | D23: Contribuição | E23: O artigo discute até que ponto o paradigma da EDA pode ser adaptado ao projeto de sistemas mistos hardware/software. | F23: p. 1 | G23: 1 | H23: =IF(G23/INDEX(Artigos!$G$2:$G$12,MATCH(B23,Artigos!$A$2:$A$12,0))<=1/3,"início",IF(G23/INDEX(Artigos!$G$2:$G$12,MATCH(B23,Artigos!$A$2:$A$12,0))<=2/3,"meio","fim")) -> início
A24: A3-03 | B24: 3 | C24: Sifakis, 2015 | D24: Contexto | E24: Três obstáculos: falta de métodos rigorosos para especificar requisitos; intratabilidade de síntese e verificação para software com número potencialmente infinito de estados; dificuldade de prever o comportamento do software sobre o hardware. | F24: p. 2 | G24: 2 | H24: =IF(G24/INDEX(Artigos!$G$2:$G$12,MATCH(B24,Artigos!$A$2:$A$12,0))<=1/3,"início",IF(G24/INDEX(Artigos!$G$2:$G$12,MATCH(B24,Artigos!$A$2:$A$12,0))<=2/3,"meio","fim")) -> início
A25: A3-04 | B25: 3 | C25: Sifakis, 2015 | D25: Conceito | E25: Correção de sistema combina confiabilidade (trustworthiness: nada de ruim acontece) e otimização (desempenho, custo-efetividade e compromissos entre eles). | F25: p. 2 | G25: 2 | H25: =IF(G25/INDEX(Artigos!$G$2:$G$12,MATCH(B25,Artigos!$A$2:$A$12,0))<=1/3,"início",IF(G25/INDEX(Artigos!$G$2:$G$12,MATCH(B25,Artigos!$A$2:$A$12,0))<=2/3,"meio","fim")) -> início
A26: A3-05 | B26: 3 | C26: Sifakis, 2015 | D26: Argumento | E26: Confiabilidade e otimização são difíceis de conciliar: aumentar a confiabilidade costuma gastar mais recursos, e otimizar recursos pode comprometer a confiabilidade. | F26: p. 3 | G26: 3 | H26: =IF(G26/INDEX(Artigos!$G$2:$G$12,MATCH(B26,Artigos!$A$2:$A$12,0))<=1/3,"início",IF(G26/INDEX(Artigos!$G$2:$G$12,MATCH(B26,Artigos!$A$2:$A$12,0))<=2/3,"meio","fim")) -> início
A27: A3-06 | B27: 3 | C27: Sifakis, 2015 | D27: Proposta | E27: Defende deslocar o foco dos métodos formais para o projeto rigoroso de sistemas, com ênfase em correção por construção. | F27: p. 3 | G27: 3 | H27: =IF(G27/INDEX(Artigos!$G$2:$G$12,MATCH(B27,Artigos!$A$2:$A$12,0))<=1/3,"início",IF(G27/INDEX(Artigos!$G$2:$G$12,MATCH(B27,Artigos!$A$2:$A$12,0))<=2/3,"meio","fim")) -> início
A28: A3-07 | B28: 3 | C28: Sifakis, 2015 | D28: Conceito | E28: Responsabilização (accountability): o projetista mostra evidências de que suas escolhas atendem aos requisitos e garante que propriedades já estabelecidas continuam valendo nas etapas seguintes; assurance cases ajudam nisso. | F28: p. 4 | G28: 4 | H28: =IF(G28/INDEX(Artigos!$G$2:$G$12,MATCH(B28,Artigos!$A$2:$A$12,0))<=1/3,"início",IF(G28/INDEX(Artigos!$G$2:$G$12,MATCH(B28,Artigos!$A$2:$A$12,0))<=2/3,"meio","fim")) -> meio | K28: Útil também para a seção de AI Assurance do artigo da TE-251.
A29: A3-08 | B29: 3 | C29: Sifakis, 2015 | D29: Argumento | E29: Por causa das anomalias temporais, garantir segurança para o pior tempo de execução (WCET) não garante segurança para tempos de execução menores. | F29: p. 5 | G29: 5 | H29: =IF(G29/INDEX(Artigos!$G$2:$G$12,MATCH(B29,Artigos!$A$2:$A$12,0))<=1/3,"início",IF(G29/INDEX(Artigos!$G$2:$G$12,MATCH(B29,Artigos!$A$2:$A$12,0))<=2/3,"meio","fim")) -> meio
A30: A3-09 | B30: 3 | C30: Sifakis, 2015 | D30: Resultado | E30: Expressividade universal na coordenação de componentes é obtida combinando interação multipartidária e prioridades, o que motivou o framework BIP. | F30: p. 6 | G30: 6 | H30: =IF(G30/INDEX(Artigos!$G$2:$G$12,MATCH(B30,Artigos!$A$2:$A$12,0))<=1/3,"início",IF(G30/INDEX(Artigos!$G$2:$G$12,MATCH(B30,Artigos!$A$2:$A$12,0))<=2/3,"meio","fim")) -> meio
A31: A3-10 | B31: 3 | C31: Sifakis, 2015 | D31: Conclusão | E31: Mesmo que os objetivos sejam atingidos, o projeto de sistemas nunca terá o grau de automação do projeto VLSI. | F31: p. 10 | G31: 10 | H31: =IF(G31/INDEX(Artigos!$G$2:$G$12,MATCH(B31,Artigos!$A$2:$A$12,0))<=1/3,"início",IF(G31/INDEX(Artigos!$G$2:$G$12,MATCH(B31,Artigos!$A$2:$A$12,0))<=2/3,"meio","fim")) -> fim
A32: A4-01 | B32: 4 | C32: Lozano et al., 2023 | D32: Contribuição | E32: Revisão abrangente dos trabalhos que usam hipervisores como base para sistemas embarcados críticos virtualizados, com comparação qualitativa; os autores dizem ser a primeira a reunir essa informação num só artigo. | F32: p. 1 | G32: 1 | H32: =IF(G32/INDEX(Artigos!$G$2:$G$12,MATCH(B32,Artigos!$A$2:$A$12,0))<=1/3,"início",IF(G32/INDEX(Artigos!$G$2:$G$12,MATCH(B32,Artigos!$A$2:$A$12,0))<=2/3,"meio","fim")) -> início
A33: A4-02 | B33: 4 | C33: Lozano et al., 2023 | D33: Contexto | E33: A adoção lenta de multicore em setores críticos se deve à interferência entre núcleos que disputam recursos compartilhados e ao impacto disso no WCET. | F33: p. 1 | G33: 1 | H33: =IF(G33/INDEX(Artigos!$G$2:$G$12,MATCH(B33,Artigos!$A$2:$A$12,0))<=1/3,"início",IF(G33/INDEX(Artigos!$G$2:$G$12,MATCH(B33,Artigos!$A$2:$A$12,0))<=2/3,"meio","fim")) -> início
A34: A4-03 | B34: 4 | C34: Lozano et al., 2023 | D34: Método | E34: A busca foi feita no IEEE Xplore e no Science Direct, complementada pelo Google Scholar; só entraram artigos de periódicos e anais, e livros foram descartados. | F34: p. 2 | G34: 2 | H34: =IF(G34/INDEX(Artigos!$G$2:$G$12,MATCH(B34,Artigos!$A$2:$A$12,0))<=1/3,"início",IF(G34/INDEX(Artigos!$G$2:$G$12,MATCH(B34,Artigos!$A$2:$A$12,0))<=2/3,"meio","fim")) -> início
A35: A4-04 | B35: 4 | C35: Lozano et al., 2023 | D35: Contexto | E35: Virtualização completa pode impor até 30% mais latência do que a execução direta no hardware. | F35: p. 5 | G35: 5 | H35: =IF(G35/INDEX(Artigos!$G$2:$G$12,MATCH(B35,Artigos!$A$2:$A$12,0))<=1/3,"início",IF(G35/INDEX(Artigos!$G$2:$G$12,MATCH(B35,Artigos!$A$2:$A$12,0))<=2/3,"meio","fim")) -> início
A36: A4-05 | B36: 4 | C36: Lozano et al., 2023 | D36: Contexto | E36: O ARINC 653 (primeiro rascunho em 1996) especifica particionamento temporal e espacial; sua interface APEX padroniza a ligação entre hipervisor/SO e aplicação. | F36: p. 6 | G36: 6 | H36: =IF(G36/INDEX(Artigos!$G$2:$G$12,MATCH(B36,Artigos!$A$2:$A$12,0))<=1/3,"início",IF(G36/INDEX(Artigos!$G$2:$G$12,MATCH(B36,Artigos!$A$2:$A$12,0))<=2/3,"meio","fim")) -> início
A37: A4-06 | B37: 4 | C37: Lozano et al., 2023 | D37: Contexto | E37: A eletrônica responde por cerca de 35% do custo de um veículo, com previsão de 50% até 2030; um carro atual tem mais de 150 ECUs. | F37: p. 7 | G37: 7 | H37: =IF(G37/INDEX(Artigos!$G$2:$G$12,MATCH(B37,Artigos!$A$2:$A$12,0))<=1/3,"início",IF(G37/INDEX(Artigos!$G$2:$G$12,MATCH(B37,Artigos!$A$2:$A$12,0))<=2/3,"meio","fim")) -> meio
A38: A4-07 | B38: 4 | C38: Lozano et al., 2023 | D38: Resultado | E38: 70% dos hipervisores analisados oferecem paravirtualização; só 25% são claramente do tipo 2. | F38: p. 14 | G38: 14 | H38: =IF(G38/INDEX(Artigos!$G$2:$G$12,MATCH(B38,Artigos!$A$2:$A$12,0))<=1/3,"início",IF(G38/INDEX(Artigos!$G$2:$G$12,MATCH(B38,Artigos!$A$2:$A$12,0))<=2/3,"meio","fim")) -> fim
A39: A4-08 | B39: 4 | C39: Lozano et al., 2023 | D39: Resultado | E39: Linux é o SO convidado mais comum (até 85% dos hipervisores); ARM é a arquitetura mais suportada (70%), seguida de x86 (50%), RISC-V (25%) e PowerPC (15%). | F39: p. 14–16 | G39: 14 | H39: =IF(G39/INDEX(Artigos!$G$2:$G$12,MATCH(B39,Artigos!$A$2:$A$12,0))<=1/3,"início",IF(G39/INDEX(Artigos!$G$2:$G$12,MATCH(B39,Artigos!$A$2:$A$12,0))<=2/3,"meio","fim")) -> fim | K39: Afirmação espalhada por três páginas, entre tabelas.
A40: A4-09 | B40: 4 | C40: Lozano et al., 2023 | D40: Resultado | E40: EUA, Alemanha e França respondem por 50% dos hipervisores analisados. | F40: p. 17 | G40: 17 | H40: =IF(G40/INDEX(Artigos!$G$2:$G$12,MATCH(B40,Artigos!$A$2:$A$12,0))<=1/3,"início",IF(G40/INDEX(Artigos!$G$2:$G$12,MATCH(B40,Artigos!$A$2:$A$12,0))<=2/3,"meio","fim")) -> fim
A41: A4-10 | B41: 4 | C41: Lozano et al., 2023 | D41: Conclusão | E41: Para sistemas críticos recomendam o XtratuM (API mais próxima da APEX do ARINC 653) e, para sistemas mais simples, particionamento estático (Bao, Jailhouse); hipervisores sem manutenção (Quest-V, Rodosvisor, RTZVisor) devem ser evitados. | F41: p. 17 | G41: 17 | H41: =IF(G41/INDEX(Artigos!$G$2:$G$12,MATCH(B41,Artigos!$A$2:$A$12,0))<=1/3,"início",IF(G41/INDEX(Artigos!$G$2:$G$12,MATCH(B41,Artigos!$A$2:$A$12,0))<=2/3,"meio","fim")) -> fim
A42: A5-01 | B42: 5 | C42: Mzid, 2024 | D42: Contribuição | E42: Propõe padrões de projeto de verificação de tempo real que encapsulam o conhecimento de um especialista em escalonamento, para antecipar a verificação de propriedades temporais numa abordagem baseada em modelos. | F42: p. 1 | G42: 1 | H42: =IF(G42/INDEX(Artigos!$G$2:$G$12,MATCH(B42,Artigos!$A$2:$A$12,0))<=1/3,"início",IF(G42/INDEX(Artigos!$G$2:$G$12,MATCH(B42,Artigos!$A$2:$A$12,0))<=2/3,"meio","fim")) -> início
A43: A5-02 | B43: 5 | C43: Mzid, 2024 | D43: Contexto | E43: A análise de escalonamento é vista como difícil; ferramentas como MAST, CHEDDAR e SIMSO costumam ser usadas só por projetistas experientes. | F43: p. 2 | G43: 2 | H43: =IF(G43/INDEX(Artigos!$G$2:$G$12,MATCH(B43,Artigos!$A$2:$A$12,0))<=1/3,"início",IF(G43/INDEX(Artigos!$G$2:$G$12,MATCH(B43,Artigos!$A$2:$A$12,0))<=2/3,"meio","fim")) -> início
A44: A5-03 | B44: 5 | C44: Mzid, 2024 | D44: Contribuição | E44: Propõe o processo P2VRT e uma ferramenta que gera automaticamente modelos de análise para MAST, CHEDDAR e SIMSO, com verificação de consistência do modelo de projeto. | F44: p. 3 | G44: 3 | H44: =IF(G44/INDEX(Artigos!$G$2:$G$12,MATCH(B44,Artigos!$A$2:$A$12,0))<=1/3,"início",IF(G44/INDEX(Artigos!$G$2:$G$12,MATCH(B44,Artigos!$A$2:$A$12,0))<=2/3,"meio","fim")) -> início
A45: A5-04 | B45: 5 | C45: Mzid, 2024 | D45: Conceito | E45: Rate Monotonic é ótimo entre os esquemas de prioridade fixa para tarefas periódicas ou esporádicas, independentes, síncronas e com deadline igual ao período. | F45: p. 4 | G45: 4 | H45: =IF(G45/INDEX(Artigos!$G$2:$G$12,MATCH(B45,Artigos!$A$2:$A$12,0))<=1/3,"início",IF(G45/INDEX(Artigos!$G$2:$G$12,MATCH(B45,Artigos!$A$2:$A$12,0))<=2/3,"meio","fim")) -> início
A46: A5-05 | B46: 5 | C46: Mzid, 2024 | D46: Método | E46: O catálogo atual tem duas categorias de padrões: uma para o fator de utilização do processador e outra para o tempo de resposta. | F46: p. 14 | G46: 14 | H46: =IF(G46/INDEX(Artigos!$G$2:$G$12,MATCH(B46,Artigos!$A$2:$A$12,0))<=1/3,"início",IF(G46/INDEX(Artigos!$G$2:$G$12,MATCH(B46,Artigos!$A$2:$A$12,0))<=2/3,"meio","fim")) -> início
A47: A5-06 | B47: 5 | C47: Mzid, 2024 | D47: Método | E47: O estudo de caso é um sistema de controle de cruzeiro automotivo com oito funções periódicas e duas unidades de execução (body_controller e engine_management) ligadas por barramento CAN. | F47: p. 22 | G47: 22 | H47: =IF(G47/INDEX(Artigos!$G$2:$G$12,MATCH(B47,Artigos!$A$2:$A$12,0))<=1/3,"início",IF(G47/INDEX(Artigos!$G$2:$G$12,MATCH(B47,Artigos!$A$2:$A$12,0))<=2/3,"meio","fim")) -> meio | K47: Meio do artigo: teste de 'lost in the middle'.
A48: A5-07 | B48: 5 | C48: Mzid, 2024 | D48: Resultado | E48: Como os deadlines do estudo de caso não são iguais aos períodos, aplicar os padrões ótimos de RM e DM gera problemas de consistência, e o projetista adota o padrão RMIT. | F48: p. 27 | G48: 27 | H48: =IF(G48/INDEX(Artigos!$G$2:$G$12,MATCH(B48,Artigos!$A$2:$A$12,0))<=1/3,"início",IF(G48/INDEX(Artigos!$G$2:$G$12,MATCH(B48,Artigos!$A$2:$A$12,0))<=2/3,"meio","fim")) -> meio | K48: Meio do artigo: teste de 'lost in the middle'.
A49: A5-08 | B49: 5 | C49: Mzid, 2024 | D49: Resultado | E49: Com o padrão RMIT, todas as tarefas têm tempo de resposta menor que o deadline, logo o projeto é viável; CHEDDAR e SIMSO conferem o resultado do MAST. | F49: p. 30 | G49: 30 | H49: =IF(G49/INDEX(Artigos!$G$2:$G$12,MATCH(B49,Artigos!$A$2:$A$12,0))<=1/3,"início",IF(G49/INDEX(Artigos!$G$2:$G$12,MATCH(B49,Artigos!$A$2:$A$12,0))<=2/3,"meio","fim")) -> fim
A50: A5-09 | B50: 5 | C50: Mzid, 2024 | D50: Limitação | E50: A aplicação dos padrões ainda é manual; modelos, padrões e código da ferramenta estão num repositório público para replicação. | F50: p. 36 | G50: 36 | H50: =IF(G50/INDEX(Artigos!$G$2:$G$12,MATCH(B50,Artigos!$A$2:$A$12,0))<=1/3,"início",IF(G50/INDEX(Artigos!$G$2:$G$12,MATCH(B50,Artigos!$A$2:$A$12,0))<=2/3,"meio","fim")) -> fim
A51: A5-10 | B51: 5 | C51: Mzid, 2024 | D51: Conclusão | E51: A análise determinística de escalonabilidade precisa ser complementada por métodos formais e análise de segurança. | F51: p. 39 | G51: 39 | H51: =IF(G51/INDEX(Artigos!$G$2:$G$12,MATCH(B51,Artigos!$A$2:$A$12,0))<=1/3,"início",IF(G51/INDEX(Artigos!$G$2:$G$12,MATCH(B51,Artigos!$A$2:$A$12,0))<=2/3,"meio","fim")) -> fim
A52: A6-01 | B52: 6 | C52: Young-S. et al., 2023 | D52: Contribuição | E52: Apresenta versões OpenMP em Fortran 90/95 de programas já publicados que resolvem a equação de Gross-Pitaevskii dipolar, com interação de contato, em 1D, 2D e 3D. | F52: p. 1 | G52: 1 | H52: =IF(G52/INDEX(Artigos!$G$2:$G$12,MATCH(B52,Artigos!$A$2:$A$12,0))<=1/3,"início",IF(G52/INDEX(Artigos!$G$2:$G$12,MATCH(B52,Artigos!$A$2:$A$12,0))<=2/3,"meio","fim")) -> meio
A53: A6-02 | B53: 6 | C53: Young-S. et al., 2023 | D53: Método | E53: Usa o esquema split-step semi-implícito de Crank-Nicolson, com propagação em tempo imaginário (estados estacionários) e em tempo real (dinâmica). | F53: p. 1 | G53: 1 | H53: =IF(G53/INDEX(Artigos!$G$2:$G$12,MATCH(B53,Artigos!$A$2:$A$12,0))<=1/3,"início",IF(G53/INDEX(Artigos!$G$2:$G$12,MATCH(B53,Artigos!$A$2:$A$12,0))<=2/3,"meio","fim")) -> meio
A54: A6-03 | B54: 6 | C54: Young-S. et al., 2023 | D54: Método | E54: Os programas foram testados com os compiladores GNU, Intel e Oracle (antiga Sun) e têm licença Apache 2.0. | F54: p. 1 | G54: 1 | H54: =IF(G54/INDEX(Artigos!$G$2:$G$12,MATCH(B54,Artigos!$A$2:$A$12,0))<=1/3,"início",IF(G54/INDEX(Artigos!$G$2:$G$12,MATCH(B54,Artigos!$A$2:$A$12,0))<=2/3,"meio","fim")) -> meio
A55: A6-04 | B55: 6 | C55: Young-S. et al., 2023 | D55: Resultado | E55: Os programas 3D e 2D são OpenMP; em 1D são versões autoparalelas, porque o OpenMP não reduz mais o tempo de execução. | F55: p. 2 | G55: 2 | H55: =IF(G55/INDEX(Artigos!$G$2:$G$12,MATCH(B55,Artigos!$A$2:$A$12,0))<=1/3,"início",IF(G55/INDEX(Artigos!$G$2:$G$12,MATCH(B55,Artigos!$A$2:$A$12,0))<=2/3,"meio","fim")) -> fim | K55: O artigo não informa nenhum número de speedup: se o agente citar um, é alucinação.
A56: A6-05 | B56: 6 | C56: Young-S. et al., 2023 | D56: Correção | E56: Os programas 1D e 2D das publicações anteriores usavam por engano as não linearidades 3D; as versões no arXiv não têm esse erro. | F56: p. 2 | G56: 2 | H56: =IF(G56/INDEX(Artigos!$G$2:$G$12,MATCH(B56,Artigos!$A$2:$A$12,0))<=1/3,"início",IF(G56/INDEX(Artigos!$G$2:$G$12,MATCH(B56,Artigos!$A$2:$A$12,0))<=2/3,"meio","fim")) -> fim
A57: A6-06 | B57: 6 | C57: Young-S. et al., 2023 | D57: Método | E57: A FFT fica mais eficiente com número de pontos da grade em potência de 2. | F57: p. 2 | G57: 2 | H57: =IF(G57/INDEX(Artigos!$G$2:$G$12,MATCH(B57,Artigos!$A$2:$A$12,0))<=1/3,"início",IF(G57/INDEX(Artigos!$G$2:$G$12,MATCH(B57,Artigos!$A$2:$A$12,0))<=2/3,"meio","fim")) -> fim
A58: A7-01 | B58: 7 | C58: Leppänen et al., 2023 | D58: Contribuição | E58: Propõe um método aberto e independente de fabricante para integrar aceleradores FPGA customizados a uma plataforma OpenCL comum, envolvendo-os numa interface de hardware comum. | F58: p. 1 | G58: 1 | H58: =IF(G58/INDEX(Artigos!$G$2:$G$12,MATCH(B58,Artigos!$A$2:$A$12,0))<=1/3,"início",IF(G58/INDEX(Artigos!$G$2:$G$12,MATCH(B58,Artigos!$A$2:$A$12,0))<=2/3,"meio","fim")) -> início
A59: A7-02 | B59: 7 | C59: Leppänen et al., 2023 | D59: Contexto | E59: As implementações OpenCL dos fabricantes coordenam mal dispositivos de fornecedores diferentes; o trabalho usa a PoCL, implementação OpenCL aberta, para resolver isso. | F59: p. 2 | G59: 2 | H59: =IF(G59/INDEX(Artigos!$G$2:$G$12,MATCH(B59,Artigos!$A$2:$A$12,0))<=1/3,"início",IF(G59/INDEX(Artigos!$G$2:$G$12,MATCH(B59,Artigos!$A$2:$A$12,0))<=2/3,"meio","fim")) -> início
A60: A7-03 | B60: 7 | C60: Leppänen et al., 2023 | D60: Método | E60: A interface de hardware comum se chama AlmaIF. | F60: p. 3 | G60: 3 | H60: =IF(G60/INDEX(Artigos!$G$2:$G$12,MATCH(B60,Artigos!$A$2:$A$12,0))<=1/3,"início",IF(G60/INDEX(Artigos!$G$2:$G$12,MATCH(B60,Artigos!$A$2:$A$12,0))<=2/3,"meio","fim")) -> início
A61: A7-04 | B61: 7 | C61: Leppänen et al., 2023 | D61: Método | E61: A avaliação usa dois aceleradores (um programável gerado com OpenASIP e outro com Vitis HLS) em dois FPGAs: Zynq XC7Z020 (SoC) e Alveo U280 (placa PCIe). | F61: p. 7 | G61: 7 | H61: =IF(G61/INDEX(Artigos!$G$2:$G$12,MATCH(B61,Artigos!$A$2:$A$12,0))<=1/3,"início",IF(G61/INDEX(Artigos!$G$2:$G$12,MATCH(B61,Artigos!$A$2:$A$12,0))<=2/3,"meio","fim")) -> meio
A62: A7-05 | B62: 7 | C62: Leppänen et al., 2023 | D62: Resultado | E62: Os aceleradores programáveis OpenASIP usam cerca de três vezes os recursos do acelerador gerado por HLS, por causa da programabilidade. | F62: p. 8 | G62: 8 | H62: =IF(G62/INDEX(Artigos!$G$2:$G$12,MATCH(B62,Artigos!$A$2:$A$12,0))<=1/3,"início",IF(G62/INDEX(Artigos!$G$2:$G$12,MATCH(B62,Artigos!$A$2:$A$12,0))<=2/3,"meio","fim")) -> fim
A63: A7-06 | B63: 7 | C63: Leppänen et al., 2023 | D63: Resultado | E63: O ponto de equilíbrio entre DMA e cópia para BRAM fica em cerca de 4000 bytes. | F63: p. 8 | G63: 8 | H63: =IF(G63/INDEX(Artigos!$G$2:$G$12,MATCH(B63,Artigos!$A$2:$A$12,0))<=1/3,"início",IF(G63/INDEX(Artigos!$G$2:$G$12,MATCH(B63,Artigos!$A$2:$A$12,0))<=2/3,"meio","fim")) -> fim
A64: A7-07 | B64: 7 | C64: Leppänen et al., 2023 | D64: Resultado | E64: Com grande volume de dados, o sistema com DMA termina até 8 vezes mais rápido que a cópia iniciada pelo host. | F64: p. 8 | G64: 8 | H64: =IF(G64/INDEX(Artigos!$G$2:$G$12,MATCH(B64,Artigos!$A$2:$A$12,0))<=1/3,"início",IF(G64/INDEX(Artigos!$G$2:$G$12,MATCH(B64,Artigos!$A$2:$A$12,0))<=2/3,"meio","fim")) -> fim
A65: A7-08 | B65: 7 | C65: Leppänen et al., 2023 | D65: Resultado | E65: A sincronização no chip reduz o tempo médio por kernel de 313 μs para 67 μs, 246 μs a menos. | F65: p. 8 | G65: 8 | H65: =IF(G65/INDEX(Artigos!$G$2:$G$12,MATCH(B65,Artigos!$A$2:$A$12,0))<=1/3,"início",IF(G65/INDEX(Artigos!$G$2:$G$12,MATCH(B65,Artigos!$A$2:$A$12,0))<=2/3,"meio","fim")) -> fim | K65: Divergência de arredondamento: resumo (p. 1) e conclusão (p. 10) falam em 250 μs.
A66: A7-09 | B66: 7 | C66: Leppänen et al., 2023 | D66: Resultado | E66: O estudo de caso é uma plataforma com dois dispositivos, controlada inteiramente por OpenCL, que faz inferência de CNN de áudio, do microfone à classificação. | F66: p. 1; 8 | G66: 1 | H66: =IF(G66/INDEX(Artigos!$G$2:$G$12,MATCH(B66,Artigos!$A$2:$A$12,0))<=1/3,"início",IF(G66/INDEX(Artigos!$G$2:$G$12,MATCH(B66,Artigos!$A$2:$A$12,0))<=2/3,"meio","fim")) -> início
A67: A7-10 | B67: 7 | C67: Leppänen et al., 2023 | D67: Conclusão | E67: Como trabalho futuro, pretendem suportar pipes OpenCL para streaming no chip mais eficiente. | F67: p. 10 | G67: 10 | H67: =IF(G67/INDEX(Artigos!$G$2:$G$12,MATCH(B67,Artigos!$A$2:$A$12,0))<=1/3,"início",IF(G67/INDEX(Artigos!$G$2:$G$12,MATCH(B67,Artigos!$A$2:$A$12,0))<=2/3,"meio","fim")) -> fim
A68: A8-01 | B68: 8 | C68: Yoshida et al., 2024 | D68: Contribuição | E68: Avalia como a versão do CUDA toolkit afeta desempenho, potência e energia de aplicações GPU em quatro arquiteturas (P100, V100, A100 e H100). | F68: p. 1–2 | G68: 1 | H68: =IF(G68/INDEX(Artigos!$G$2:$G$12,MATCH(B68,Artigos!$A$2:$A$12,0))<=1/3,"início",IF(G68/INDEX(Artigos!$G$2:$G$12,MATCH(B68,Artigos!$A$2:$A$12,0))<=2/3,"meio","fim")) -> início
A69: A8-02 | B69: 8 | C69: Yoshida et al., 2024 | D69: Método | E69: Compilaram 32 kernels de 19 aplicações com nove versões do CUDA. | F69: p. 1 | G69: 1 | H69: =IF(G69/INDEX(Artigos!$G$2:$G$12,MATCH(B69,Artigos!$A$2:$A$12,0))<=1/3,"início",IF(G69/INDEX(Artigos!$G$2:$G$12,MATCH(B69,Artigos!$A$2:$A$12,0))<=2/3,"meio","fim")) -> início | K69: Divergência interna: a p. 2 fala em 19 programas e a p. 3 em 34 kernels de 20 programas; a p. 4 explica parte da diferença (dois programas removidos), mas não fecha a conta. As 'nove versões' batem: a P100 usa CUDA12M no lugar de CUDA12F (p. 4).
A70: A8-03 | B70: 8 | C70: Yoshida et al., 2024 | D70: Resultado | E70: Em alguns casos, o código gerado por uma versão antiga é até 20% mais rápido que o da versão mais recente. | F70: p. 1 | G70: 1 | H70: =IF(G70/INDEX(Artigos!$G$2:$G$12,MATCH(B70,Artigos!$A$2:$A$12,0))<=1/3,"início",IF(G70/INDEX(Artigos!$G$2:$G$12,MATCH(B70,Artigos!$A$2:$A$12,0))<=2/3,"meio","fim")) -> início
A71: A8-04 | B71: 8 | C71: Yoshida et al., 2024 | D71: Resultado | E71: Versões novas são preferíveis na maioria dos casos: CUDA8F é 1,16× mais lento que a versão mais recente na P100, e a diferença diminui a cada atualização. | F71: p. 1; 4 | G71: 1 | H71: =IF(G71/INDEX(Artigos!$G$2:$G$12,MATCH(B71,Artigos!$A$2:$A$12,0))<=1/3,"início",IF(G71/INDEX(Artigos!$G$2:$G$12,MATCH(B71,Artigos!$A$2:$A$12,0))<=2/3,"meio","fim")) -> início
A72: A8-05 | B72: 8 | C72: Yoshida et al., 2024 | D72: Resultado | E72: As diferenças entre versões diminuem nas arquiteturas mais novas: de CUDA9L para CUDA11L ficam em até 12% (P100), 4% (V100) e 1% (A100). | F72: p. 4 | G72: 4 | H72: =IF(G72/INDEX(Artigos!$G$2:$G$12,MATCH(B72,Artigos!$A$2:$A$12,0))<=1/3,"início",IF(G72/INDEX(Artigos!$G$2:$G$12,MATCH(B72,Artigos!$A$2:$A$12,0))<=2/3,"meio","fim")) -> meio
A73: A8-06 | B73: 8 | C73: Yoshida et al., 2024 | D73: Resultado | E73: A potência quase não muda entre versões do CUDA: ±2%. | F73: p. 1; 4 | G73: 1 | H73: =IF(G73/INDEX(Artigos!$G$2:$G$12,MATCH(B73,Artigos!$A$2:$A$12,0))<=1/3,"início",IF(G73/INDEX(Artigos!$G$2:$G$12,MATCH(B73,Artigos!$A$2:$A$12,0))<=2/3,"meio","fim")) -> início
A74: A8-07 | B74: 8 | C74: Yoshida et al., 2024 | D74: Método | E74: A potência foi medida com nvidia-smi em intervalos de 1 ms. | F74: p. 4 | G74: 4 | H74: =IF(G74/INDEX(Artigos!$G$2:$G$12,MATCH(B74,Artigos!$A$2:$A$12,0))<=1/3,"início",IF(G74/INDEX(Artigos!$G$2:$G$12,MATCH(B74,Artigos!$A$2:$A$12,0))<=2/3,"meio","fim")) -> meio
A75: A8-08 | B75: 8 | C75: Yoshida et al., 2024 | D75: Resultado | E75: No FiniteDifferencesKernel na P100, CUDA8F e CUDA8L levam 1,84 s, 80% do tempo do CUDA12M (2,31 s), por desenrolamento de laço agressivo. | F75: p. 4 | G75: 4 | H75: =IF(G75/INDEX(Artigos!$G$2:$G$12,MATCH(B75,Artigos!$A$2:$A$12,0))<=1/3,"início",IF(G75/INDEX(Artigos!$G$2:$G$12,MATCH(B75,Artigos!$A$2:$A$12,0))<=2/3,"meio","fim")) -> meio
A76: A8-09 | B76: 8 | C76: Yoshida et al., 2024 | D76: Resultado | E76: Limitando os registradores (maxrregcount=40), o CUDA12M cai para 1,55 s nesse kernel, melhor que as versões antigas sem a opção. | F76: p. 6 | G76: 6 | H76: =IF(G76/INDEX(Artigos!$G$2:$G$12,MATCH(B76,Artigos!$A$2:$A$12,0))<=1/3,"início",IF(G76/INDEX(Artigos!$G$2:$G$12,MATCH(B76,Artigos!$A$2:$A$12,0))<=2/3,"meio","fim")) -> meio
A77: A8-10 | B77: 8 | C77: Yoshida et al., 2024 | D77: Resultado | E77: No likelihood_kernel na A100, CUDA9L e CUDA10F levam 0,19 s, 67% do tempo do CUDA12F (0,28 s), por causa da implementação de pow() da GCC usada como compilador host. | F77: p. 8 | G77: 8 | H77: =IF(G77/INDEX(Artigos!$G$2:$G$12,MATCH(B77,Artigos!$A$2:$A$12,0))<=1/3,"início",IF(G77/INDEX(Artigos!$G$2:$G$12,MATCH(B77,Artigos!$A$2:$A$12,0))<=2/3,"meio","fim")) -> fim
A78: A8-11 | B78: 8 | C78: Yoshida et al., 2024 | D78: Conclusão | E78: Três fenômenos explicam os casos em que versões antigas vencem: desenrolamento de laço agressivo, escalonamento ineficiente de instruções e impacto do compilador host. | F78: p. 1 | G78: 1 | H78: =IF(G78/INDEX(Artigos!$G$2:$G$12,MATCH(B78,Artigos!$A$2:$A$12,0))<=1/3,"início",IF(G78/INDEX(Artigos!$G$2:$G$12,MATCH(B78,Artigos!$A$2:$A$12,0))<=2/3,"meio","fim")) -> início
A79: A9-01 | B79: 9 | C79: FAA, 2024 | D79: Contribuição | E79: O AC 20-193 descreve um meio aceitável de cumprimento dos requisitos de aeronavegabilidade para processadores multicore (MCP) em sistemas embarcados de aeronaves; o documento não tem força de lei. | F79: p. 1 | G79: 1 | H79: =IF(G79/INDEX(Artigos!$G$2:$G$12,MATCH(B79,Artigos!$A$2:$A$12,0))<=1/3,"início",IF(G79/INDEX(Artigos!$G$2:$G$12,MATCH(B79,Artigos!$A$2:$A$12,0))<=2/3,"meio","fim")) -> início
A80: A9-02 | B80: 9 | C80: FAA, 2024 | D80: Escopo | E80: Aplica-se a MCPs com dois ou mais núcleos ativados quando o IDAL de pelo menos uma aplicação hospedada, ou do hardware que contém o MCP, é A, B ou C; não se aplica quando todos os IDALs são D ou E. | F80: p. 1 | G80: 1 | H80: =IF(G80/INDEX(Artigos!$G$2:$G$12,MATCH(B80,Artigos!$A$2:$A$12,0))<=1/3,"início",IF(G80/INDEX(Artigos!$G$2:$G$12,MATCH(B80,Artigos!$A$2:$A$12,0))<=2/3,"meio","fim")) -> início
A81: A9-03 | B81: 9 | C81: FAA, 2024 | D81: Limitação | E81: Não cobre a realocação dinâmica de aplicações entre núcleos: supõe que as aplicações são alocadas estaticamente aos núcleos na inicialização do MCP. | F81: p. 2 | G81: 2 | H81: =IF(G81/INDEX(Artigos!$G$2:$G$12,MATCH(B81,Artigos!$A$2:$A$12,0))<=1/3,"início",IF(G81/INDEX(Artigos!$G$2:$G$12,MATCH(B81,Artigos!$A$2:$A$12,0))<=2/3,"meio","fim")) -> início | K81: Admite alocação 'multi-estática' (configuração pré-qualificada) como justificativa, também na p. 2.
A82: A9-04 | B82: 9 | C82: FAA, 2024 | D82: Limitação | E82: Não cobre simultaneous multithreading, porque o conhecimento da indústria e das autoridades sobre esse recurso ainda é insuficiente. | F82: p. 2 | G82: 2 | H82: =IF(G82/INDEX(Artigos!$G$2:$G$12,MATCH(B82,Artigos!$A$2:$A$12,0))<=1/3,"início",IF(G82/INDEX(Artigos!$G$2:$G$12,MATCH(B82,Artigos!$A$2:$A$12,0))<=2/3,"meio","fim")) -> início
A83: A9-05 | B83: 9 | C83: FAA, 2024 | D83: Escopo | E83: Os objetivos não se aplicam a núcleos em lock-step nem a núcleos ligados só por barramentos convencionais de aviônica, sem memória ou cache compartilhada; isso inclui núcleos que atuam como coprocessadores ou processadores gráficos sob controle de outro núcleo. | F83: p. 3 | G83: 3 | H83: =IF(G83/INDEX(Artigos!$G$2:$G$12,MATCH(B83,Artigos!$A$2:$A$12,0))<=1/3,"início",IF(G83/INDEX(Artigos!$G$2:$G$12,MATCH(B83,Artigos!$A$2:$A$12,0))<=2/3,"meio","fim")) -> início | K83: Relevante para GPUs e aceleradores: ponto de ligação com o tema da dissertação.
A84: A9-06 | B84: 9 | C84: FAA, 2024 | D84: Conceito | E84: A disputa pelos recursos compartilhados do MCP causa interferência temporal, que pode fazer as aplicações levarem muito mais tempo do que executando sozinhas. | F84: p. 3 | G84: 3 | H84: =IF(G84/INDEX(Artigos!$G$2:$G$12,MATCH(B84,Artigos!$A$2:$A$12,0))<=1/3,"início",IF(G84/INDEX(Artigos!$G$2:$G$12,MATCH(B84,Artigos!$A$2:$A$12,0))<=2/3,"meio","fim")) -> início
A85: A9-07 | B85: 9 | C85: FAA, 2024 | D85: Conceito | E85: Há particionamento robusto de tempo quando nenhuma partição consome mais que sua alocação de tempo de execução, estejam as partições dos outros núcleos ativos executando ou não. | F85: p. 5 | G85: 5 | H85: =IF(G85/INDEX(Artigos!$G$2:$G$12,MATCH(B85,Artigos!$A$2:$A$12,0))<=1/3,"início",IF(G85/INDEX(Artigos!$G$2:$G$12,MATCH(B85,Artigos!$A$2:$A$12,0))<=2/3,"meio","fim")) -> início
A86: A9-08 | B86: 9 | C86: FAA, 2024 | D86: Recomendação | E86: Recursos dinâmicos que alteram a frequência dos núcleos ou desativam núcleos para economizar energia podem não ser desejáveis em núcleos que executam software crítico. | F86: p. 8 | G86: 8 | H86: =IF(G86/INDEX(Artigos!$G$2:$G$12,MATCH(B86,Artigos!$A$2:$A$12,0))<=1/3,"início",IF(G86/INDEX(Artigos!$G$2:$G$12,MATCH(B86,Artigos!$A$2:$A$12,0))<=2/3,"meio","fim")) -> meio
A87: A9-09 | B87: 9 | C87: FAA, 2024 | D87: Conceito | E87: O WCET de um componente pode aumentar significativamente quando outros executam em paralelo nos demais núcleos, a ponto de faltar tempo para a função crítica. | F87: p. 10 | G87: 10 | H87: =IF(G87/INDEX(Artigos!$G$2:$G$12,MATCH(B87,Artigos!$A$2:$A$12,0))<=1/3,"início",IF(G87/INDEX(Artigos!$G$2:$G$12,MATCH(B87,Artigos!$A$2:$A$12,0))<=2/3,"meio","fim")) -> meio
A88: A9-10 | B88: 9 | C88: FAA, 2024 | D88: Método | E88: Plataformas com particionamento robusto podem verificar as aplicações e determinar o WCET separadamente; nas demais, o software sem interferência mitigada deve ser testado no MCP alvo com todo o software executando na configuração final. | F88: p. 11 | G88: 11 | H88: =IF(G88/INDEX(Artigos!$G$2:$G$12,MATCH(B88,Artigos!$A$2:$A$12,0))<=1/3,"início",IF(G88/INDEX(Artigos!$G$2:$G$12,MATCH(B88,Artigos!$A$2:$A$12,0))<=2/3,"meio","fim")) -> meio
A89: A9-11 | B89: 9 | C89: FAA, 2024 | D89: Resultado | E89: Os objetivos MCP_Resource_Usage_4 e MCP_Error_Handling_1 são exigidos para IDAL A ou B, mas não para IDAL C. | F89: p. 13 | G89: 13 | H89: =IF(G89/INDEX(Artigos!$G$2:$G$12,MATCH(B89,Artigos!$A$2:$A$12,0))<=1/3,"início",IF(G89/INDEX(Artigos!$G$2:$G$12,MATCH(B89,Artigos!$A$2:$A$12,0))<=2/3,"meio","fim")) -> fim | K89: Vem de uma tabela: teste de leitura de tabela extraída como texto.
A90: A10-01 | B90: 10 | C90: Peralta Quesada et al., 2023 | D90: Contribuição | E90: Avalia o SYCL, modelo de programação de mais alto nível, quanto a desempenho e programabilidade em aplicações críticas em plataformas embarcadas; até então só modelos de baixo nível, como CUDA e OpenCL, tinham sido avaliados. | F90: p. 1 | G90: 1 | H90: =IF(G90/INDEX(Artigos!$G$2:$G$12,MATCH(B90,Artigos!$A$2:$A$12,0))<=1/3,"início",IF(G90/INDEX(Artigos!$G$2:$G$12,MATCH(B90,Artigos!$A$2:$A$12,0))<=2/3,"meio","fim")) -> início
A91: A10-02 | B91: 10 | C91: Peralta Quesada et al., 2023 | D91: Método | E91: Usa a suíte GPU4S Bench (domínio espacial) e uma aplicação de detecção de pedestres (automotivo), numa NVIDIA GTX 1080 Ti e na plataforma embarcada NVIDIA Xavier AGX. | F91: p. 1 | G91: 1 | H91: =IF(G91/INDEX(Artigos!$G$2:$G$12,MATCH(B91,Artigos!$A$2:$A$12,0))<=1/3,"início",IF(G91/INDEX(Artigos!$G$2:$G$12,MATCH(B91,Artigos!$A$2:$A$12,0))<=2/3,"meio","fim")) -> início
A92: A10-03 | B92: 10 | C92: Peralta Quesada et al., 2023 | D92: Contexto | E92: A Khronos investiga, num grupo exploratório, o SYCL SC, um subconjunto da API SYCL voltado a sistemas críticos. | F92: p. 2 | G92: 2 | H92: =IF(G92/INDEX(Artigos!$G$2:$G$12,MATCH(B92,Artigos!$A$2:$A$12,0))<=1/3,"início",IF(G92/INDEX(Artigos!$G$2:$G$12,MATCH(B92,Artigos!$A$2:$A$12,0))<=2/3,"meio","fim")) -> início
A93: A10-04 | B93: 10 | C93: Peralta Quesada et al., 2023 | D93: Contexto | E93: A GPU4S Bench (OBPMark Kernels) faz parte da OBPMark, a suíte oficial de benchmarks da ESA usada em todos os novos projetos da agência. | F93: p. 2 | G93: 2 | H93: =IF(G93/INDEX(Artigos!$G$2:$G$12,MATCH(B93,Artigos!$A$2:$A$12,0))<=1/3,"início",IF(G93/INDEX(Artigos!$G$2:$G$12,MATCH(B93,Artigos!$A$2:$A$12,0))<=2/3,"meio","fim")) -> início
A94: A10-05 | B94: 10 | C94: Peralta Quesada et al., 2023 | D94: Argumento | E94: O modelo de memória Buffers é mais fácil para quem começa do zero, mas é mais lento; o USM usa ponteiros e alocação dinâmica, desencorajados em sistemas críticos, e ainda assim oferece o compromisso mais razoável entre diretrizes de segurança, complexidade e desempenho. | F94: p. 3 | G94: 3 | H94: =IF(G94/INDEX(Artigos!$G$2:$G$12,MATCH(B94,Artigos!$A$2:$A$12,0))<=1/3,"início",IF(G94/INDEX(Artigos!$G$2:$G$12,MATCH(B94,Artigos!$A$2:$A$12,0))<=2/3,"meio","fim")) -> início
A95: A10-06 | B95: 10 | C95: Peralta Quesada et al., 2023 | D95: Método | E95: Na Xavier AGX foi usado o modo de potência 2 (15 W), limite identificado no projeto GPU4S por causa da dissipação de calor no espaço: 4 núcleos de CPU a 1200 MHz e 8 SMs da GPU a 670 MHz. | F95: p. 4 | G95: 4 | H95: =IF(G95/INDEX(Artigos!$G$2:$G$12,MATCH(B95,Artigos!$A$2:$A$12,0))<=1/3,"início",IF(G95/INDEX(Artigos!$G$2:$G$12,MATCH(B95,Artigos!$A$2:$A$12,0))<=2/3,"meio","fim")) -> meio
A96: A10-07 | B96: 10 | C96: Peralta Quesada et al., 2023 | D96: Resultado | E96: No servidor x86_64, as duas variantes SYCL ficam atrás do OpenMP na CPU, possivelmente porque o SYCL não permite definir o número de threads. | F96: p. 5 | G96: 5 | H96: =IF(G96/INDEX(Artigos!$G$2:$G$12,MATCH(B96,Artigos!$A$2:$A$12,0))<=1/3,"início",IF(G96/INDEX(Artigos!$G$2:$G$12,MATCH(B96,Artigos!$A$2:$A$12,0))<=2/3,"meio","fim")) -> meio
A97: A10-08 | B97: 10 | C97: Peralta Quesada et al., 2023 | D97: Resultado | E97: Na Xavier, o SYCL é mais rápido que o OpenMP em convolução, LRN, softmax e transformada wavelet, os blocos menos intensivos computacionalmente. | F97: p. 7 | G97: 7 | H97: =IF(G97/INDEX(Artigos!$G$2:$G$12,MATCH(B97,Artigos!$A$2:$A$12,0))<=1/3,"início",IF(G97/INDEX(Artigos!$G$2:$G$12,MATCH(B97,Artigos!$A$2:$A$12,0))<=2/3,"meio","fim")) -> meio | K97: No servidor x86_64 (p. 5) acontece o contrário: o OpenMP vence.
A98: A10-09 | B98: 10 | C98: Peralta Quesada et al., 2023 | D98: Resultado | E98: Na FFT, a versão SYCL USM é marginalmente mais rápida que a biblioteca da NVIDIA (cuFFT). | F98: p. 7–8 | G98: 7 | H98: =IF(G98/INDEX(Artigos!$G$2:$G$12,MATCH(B98,Artigos!$A$2:$A$12,0))<=1/3,"início",IF(G98/INDEX(Artigos!$G$2:$G$12,MATCH(B98,Artigos!$A$2:$A$12,0))<=2/3,"meio","fim")) -> meio | K98: Afirmação que atravessa a quebra de página.
A99: A10-10 | B99: 10 | C99: Peralta Quesada et al., 2023 | D99: Resultado | E99: No detector de pedestres, a versão final em SYCL chega a 16,02 FPS no servidor, acima dos 15,55 FPS do CUDA otimizado à mão; na Xavier fica em cerca de 0,54 FPS, contra 5 FPS do CUDA. | F99: p. 10 | G99: 10 | H99: =IF(G99/INDEX(Artigos!$G$2:$G$12,MATCH(B99,Artigos!$A$2:$A$12,0))<=1/3,"início",IF(G99/INDEX(Artigos!$G$2:$G$12,MATCH(B99,Artigos!$A$2:$A$12,0))<=2/3,"meio","fim")) -> fim | K99: Na p. 9, a versão com filas in-order dá 13,9 FPS no servidor e 0,49 FPS na Xavier: o agente não deve misturar as versões.
A100: A10-11 | B100: 10 | C100: Peralta Quesada et al., 2023 | D100: Limitação | E100: Como trabalho futuro, pretendem avaliar outras implementações de SYCL, como a da Intel, e a ferramenta DPC++ Compatibility Tool. | F100: p. 10 | G100: 10 | H100: =IF(G100/INDEX(Artigos!$G$2:$G$12,MATCH(B100,Artigos!$A$2:$A$12,0))<=1/3,"início",IF(G100/INDEX(Artigos!$G$2:$G$12,MATCH(B100,Artigos!$A$2:$A$12,0))<=2/3,"meio","fim")) -> fim
...

Sheet Artigos
A1: Nº | B1: Referência | C1: Título | D1: Autores | E1: Veículo | F1: Ano | G1: Páginas (PDF) | H1: DOI | I1: Nº de afirmações | J1: Aprovadas
A2: 1 | B2: Nimbekar et al., 2023 | C2: Reconfigurable VLSI Design Architecture for Deep Learning Established Forelimb and Hindlimb Gesture Recognition for Rehabilitation Application | D2: A. Nimbekar, Y. V. Sai Dinesh, A. Gautam, V. Hunsigida, A. R. Nali, A. Acharyya | E2: IEEE Access, vol. 11 | F2: 2023 | G2: 10 | H2: 10.1109/ACCESS.2023.3293422 | I2: =COUNTIF(Gabarito!B$2:B$1000,A2) -> 10 | J2: =COUNTIFS(Gabarito!B$2:B$1000,A2,Gabarito!I$2:I$1000,"Aprovada") -> 0
A3: 2 | B3: Breyer et al., 2022 | C3: A Comparison of SYCL, OpenCL, CUDA, and OpenMP for Massively Parallel Support Vector Machine Classification on Multi-Vendor Hardware | D3: M. Breyer, A. Van Craen, D. Pflüger | E3: IWOCL'22 (ACM) | F3: 2022 | G3: 12 | H3: 10.1145/3529538.3529980 | I3: =COUNTIF(Gabarito!B$2:B$1000,A3) -> 10 | J3: =COUNTIFS(Gabarito!B$2:B$1000,A3,Gabarito!I$2:I$1000,"Aprovada") -> 0
A4: 3 | B4: Sifakis, 2015 | C4: System Design Automation: Challenges and Limitations | D4: J. Sifakis | E4: Proceedings of the IEEE, vol. 103, n. 11 | F4: 2015 | G4: 11 | H4: 10.1109/JPROC.2015.2484060 | I4: =COUNTIF(Gabarito!B$2:B$1000,A4) -> 10 | J4: =COUNTIFS(Gabarito!B$2:B$1000,A4,Gabarito!I$2:I$1000,"Aprovada") -> 0
A5: 4 | B5: Lozano et al., 2023 | C5: A Comprehensive Survey on the Use of Hypervisors in Safety-Critical Systems | D5: S. Lozano, T. Lugo, J. Carretero | E5: IEEE Access, vol. 11 | F5: 2023 | G5: 20 | H5: 10.1109/ACCESS.2023.3264825 | I5: =COUNTIF(Gabarito!B$2:B$1000,A5) -> 10 | J5: =COUNTIFS(Gabarito!B$2:B$1000,A5,Gabarito!I$2:I$1000,"Aprovada") -> 0
A6: 5 | B6: Mzid, 2024 | C6: Real-time design patterns for the verification of safety-critical embedded systems in model-based approach | D6: R. Mzid | E6: The Journal of Supercomputing, vol. 80 | F6: 2024 | G6: 43 | H6: 10.1007/s11227-023-05866-0 | I6: =COUNTIF(Gabarito!B$2:B$1000,A6) -> 10 | J6: =COUNTIFS(Gabarito!B$2:B$1000,A6,Gabarito!I$2:I$1000,"Aprovada") -> 0
A7: 6 | B7: Young-S. et al., 2023 | C7: OpenMP Fortran programs for solving the time-dependent dipolar Gross-Pitaevskii equation | D7: L. E. Young-S., P. Muruganandam, A. Balaž, S. K. Adhikari | E7: Computer Physics Communications, vol. 286 | F7: 2023 | G7: 2 | H7: 10.1016/j.cpc.2023.108669 | I7: =COUNTIF(Gabarito!B$2:B$1000,A7) -> 6 | J7: =COUNTIFS(Gabarito!B$2:B$1000,A7,Gabarito!I$2:I$1000,"Aprovada") -> 0
A8: 7 | B8: Leppänen et al., 2023 | C8: Efficient OpenCL system integration of non-blocking FPGA accelerators | D8: T. Leppänen, A. Lotvonen, P. Mousouliotis, J. Multanen, G. Keramidas, P. Jääskeläinen | E8: Microprocessors and Microsystems, vol. 97 | F8: 2023 | G8: 11 | H8: 10.1016/j.micpro.2023.104772 | I8: =COUNTIF(Gabarito!B$2:B$1000,A8) -> 10 | J8: =COUNTIFS(Gabarito!B$2:B$1000,A8,Gabarito!I$2:I$1000,"Aprovada") -> 0
A9: 8 | B9: Yoshida et al., 2024 | C9: Analyzing the impact of CUDA versions on GPU applications | D9: K. Yoshida, S. Miwa, H. Yamaki, H. Honda | E9: Parallel Computing, vol. 120 | F9: 2024 | G9: 10 | H9: 10.1016/j.parco.2024.103081 | I9: =COUNTIF(Gabarito!B$2:B$1000,A9) -> 11 | J9: =COUNTIFS(Gabarito!B$2:B$1000,A9,Gabarito!I$2:I$1000,"Aprovada") -> 0
A10: 9 | B10: FAA, 2024 | C10: Advisory Circular AC 20-193: Use of Multi-Core Processors | D10: Federal Aviation Administration (AIR-622) | E10: FAA Advisory Circular | F10: 2024 | G10: 18 | H10: — | I10: =COUNTIF(Gabarito!B$2:B$1000,A10) -> 11 | J10: =COUNTIFS(Gabarito!B$2:B$1000,A10,Gabarito!I$2:I$1000,"Aprovada") -> 0
A11: 10 | B11: Peralta Quesada et al., 2023 | C11: Evaluation of SYCL's Suitability for High-Performance Critical Systems | D11: C. Peralta Quesada, M. M. Trompouki, L. Kosmidis | E11: IWOCL'23 (ACM) | F11: 2023 | G11: 11 | H11: 10.1145/3585341.3585378 | I11: =COUNTIF(Gabarito!B$2:B$1000,A11) -> 11 | J11: =COUNTIFS(Gabarito!B$2:B$1000,A11,Gabarito!I$2:I$1000,"Aprovada") -> 0
A12: 11 | B12: Loubach et al., 2019 | C12: Considerations on Domain-Specific Architectures Applicability in Future Avionics Systems (slides) | D12: D. S. Loubach, J. C. Marques, A. M. da Cunha | E12: 10th Aerospace Technology Congress (FT2019), Stockholm | F12: 2019 | G12: 23 | H12: — | I12: =COUNTIF(Gabarito!B$2:B$1000,A12) -> 10 | J12: =COUNTIFS(Gabarito!B$2:B$1000,A12,Gabarito!I$2:I$1000,"Aprovada") -> 0
